Titulo,Autor,Preco
"
      O Caderno de Viagens de o Codigo da Vinc...
    ","
      Baseado no Livro de Dan Brown
    ","R$ 4,00"
"
      Desvendando o Inferno
    ","
      Dan Brown
    ","R$ 9,90"
"
      Ponto de Impacto P
    ","
      Dan Brown
    ","R$ 10,00"
"
      O Código da Vinci P
    ","
      Dan Brown
    ","R$ 12,00"
"
      O Código da Vinci P
    ","
      Dan Brown
    ","R$ 13,00"
"
      O Caderno de Viagens de o Codigo da Vinc...
    ","
      Dan Brown
    ","R$ 14,00"
"
      O Caderno de Viagens de o Codigo da Vinc...
    ","
      Dan Brown
    ","R$ 14,00"
"
      O Caderno de Viagens de o Codigo da Vinc...
    ","
      Dan Brown
    ","R$ 14,00"
"
      O Caderno de Viagens de o Codigo da Vinc...
    ","
      Dan Brown
    ","R$ 14,00"
"
      O Caderno de Viagens de o Codigo da Vinc...
    ","
      Dan Brown
    ","R$ 14,00"
"
      DESVENDANDO INFERNO - O GUIA ESSENCIAL P...
    ","
      MICHAEL HAAG
    ","R$ 15,00"
"
      Inferno ( Letra Grande)
    ","
      Dan Brown
    ","R$ 15,00"
"
      Homem por trás de o código da vinci, uma...
    ","
      Lisa Rogak
    ","R$ 15,00"
"
      The los Symbol
    ","
      Dan Brown
    ","R$ 16,00"
"
      Inferno   - Nao e Pocket
    ","
      Dan Brown
    ","R$ 19,35"
"
      A Filosofia de o Símbolo Perdido - Guia ...
    ","
      Thomas R. Beyer
    ","R$ 20,00"
"
      Os Segredos de o Símbolo Perdido /// Dan...
    ","
      Dan Burstein e Arne de Keijzer
    ","R$ 20,00"
"
      Caderno de Viagens do Codigo da Vinci
    ","
      Dan Brawn
    ","R$ 20,00"
"
      O Codigo da Vinci
    ","
      Dan Brown 229
    ","R$ 21,90"
"
      Inferno: o Maior Desafio de Robert Langd...
    ","
      Dan Brown
    ","R$ 23,00"
"
      Fortaleza Digital (não é Pocket)
    ","
      Dan Brown
    ","R$ 24,00"
"
      Fortaleza Digital  - Nao e Pocket
    ","
      Dan Brown
    ","R$ 24,19"
"
      SIMBOLO PERDIDO DE DAN BROW,O
    ","
      Carmine, Alex
    ","R$ 25,14"
"
      SIMBOLO PERDIDO DE DAN BROW,O
    ","
      Carmine, Alex
    ","R$ 25,14"
"
      SIMBOLO PERDIDO DE DAN BROW,O
    ","
      Carmine, Alex
    ","R$ 25,14"
"
      SIMBOLO PERDIDO DE DAN BROW,O
    ","
      Carmine, Alex
    ","R$ 25,14"
"
      SIMBOLO PERDIDO DE DAN BROW,O
    ","
      Carmine, Alex
    ","R$ 25,14"
"
      Inferno: o Maior Desafio de Robert Langd...
    ","
      Dan Brown
    ","R$ 25,99"
"
      Inferno F. Simples
    ","
      Dan Brown
    ","R$ 29,90"
"
      Inferno (Robert Langdon)
    ","
      Brown, Dan
    ","R$ 29,90"
"
      Inferno (Robert Langdon)
    ","
      Brown, Dan
    ","R$ 29,90"
"
      Inferno (Robert Langdon)
    ","
      Brown, Dan
    ","R$ 29,90"
"
      Inferno (Robert Langdon)
    ","
      Brown, Dan
    ","R$ 29,90"
"
      Ponto de Impacto
    ","
      Dan Brown 690
    ","R$ 29,90"
"
      Anjos e Demônios - Capa do Filme
    ","
      Dan Brown; Maria Luiza Newland...
    ","R$ 35,00"
"
      Origem (novo)
    ","
      Dan Brown
    ","R$ 35,00"
"
      ORIGEM DAN BROWN
    ","
      VÁRIOS AUTORES
    ","R$ 35,06"
"
      Sinfonia Dos Animais, A
    ","
      Dan Brown
    ","R$ 37,14"
"
      Sinfonia Dos Animais, A
    ","
      Dan Brown
    ","R$ 37,14"
"
      Sinfonia Dos Animais, A
    ","
      Dan Brown
    ","R$ 37,14"
"
      Sinfonia Dos Animais, A
    ","
      Dan Brown
    ","R$ 37,14"
"
      Sinfonia Dos Animais, A
    ","
      Dan Brown
    ","R$ 37,14"
"
      Sinfonia Dos Animais, A
    ","
      Dan Brown
    ","R$ 37,14"
"
      Sinfonia Dos Animais, A
    ","
      Dan Brown
    ","R$ 37,14"
"
      Sinfonia Dos Animais, A
    ","
      Dan Brown
    ","R$ 37,14"
